Workbook

Sheet Audit Tool
A1: CQC KLOE | B1: Section | C1: Audit Criteria | D1: Evidence Seen | E1: Compliant (Y/N) | F1: RAG | G1: CommentsActions / Recommendations | H1: Responsible Person | I1: Target Date
A2: WELL-LED | B2: Team Meetings & Staff Conduct | C2: Meeting frequency, attendance, minutes | D2: Team meetings are held monthly; however, actions from previous meetings must be reviewed at the start of each meeting. This was not referenced in the last three sets of minutes reviewed. Please ensure the correct meeting template (available on Atlas) is used, as it contains a set agenda that you can add to and ensures actions are consistently reviewed. | E2: No | F2: Amber | G2: Use the correct staff meeting template and include a review of previous meeting actions as the first agenda item going forward. | I2: 46112
A3: WELL-LED | B3: Team Meetings & Staff Conduct | C3: Staff on suspension / disciplinary / improvement plans (number) | D3: None | E3: Yes | F3: Green
A4: WELL-LED | B4: Staffing Overview | C4: All staff wear Filey Care uniforms and are presentable, including appropriate footwear. | D4: All staff were wearing uniforms, suitable footwear, and were presentable on the day of the visit. | E4: Yes | F4: Green
A5: WELL-LED | B5: Staffing Overview | C5: The staff-to-service-user ratio is appropriate to cover both core hours and one-to-one support. | D5: Staffing levels were compliant on the day of the visit, with two support workers and one manager on shift supporting four service users. | E5: Yes | F5: Green
A6: WELL-LED | B6: Staffing Overview | C6: Current agency staff in use (number & reason) | D6: None | E6: Yes | F6: Green
A7: WELL-LED | B7: Staffing Overview | C7: Induction process for agency staff | D7: Induction process is completed by HR and then reviewed by the line manager. | E7: Yes | F7: Green
A8: WELL-LED | B8: Staffing Overview | C8: Overall sickness level (including long-term) | D8: No staff members are currently off sick | E8: Yes | F8: Green
A9: WELL-LED | B9: Staffing Overview | C9: Staff retention & vacancies | D9: Staff retention is good | E9: Yes | F9: Green
A10: WELL-LED | B10: Staffing Overview | C10: Supervision frequency & outcomes (Supervision Matrix) | D10: Supervision is conducted quarterly. The supervision matrix was reviewed and provided clear evidence that supervisions are being completed as required. | E10: Yes | F10: Green
A11: WELL-LED | B11: Staffing Overview | C11: Appraisal process | D11: Appraisals are conducted annually. Dates are recorded on the supervision matrix, with the next due dates clearly inputted. | E11: Yes | F11: Green
A12: EFFECTIVE | B12: Training & Competency | C12: Mandatory training compliance (online, face to face, virtual) Training matrix provided and up to date | D12: After viewing the training matrix on Atlas it appears that all staff are in date with their training and up to date.
A13: EFFECTIVE | B13: Training & Competency | C13: Qualifications & Training Compliance Included in this section: Qualifications (certificates) Mandatory Training Record/Matrix Specialist Training Certificates Medication Competence Assessment Shadowing & Feedback Form | D13: Mandatory training records and specialist training certificates were present for all staff. Medication competence assessments are completed for all except: Michael Adegborioye: Medication Competence Assessment was present but expired (10/03/25) and therefore out of date; refresher required. Shadowing & feedback forms were present for all staff, confirming observation‑based competency at induction.
A14: EFFECTIVE | B14: Training & Competency | C14: Identified training needs and timescales
A15: WELL-LED | B15: Recruitment & Staff Files | C15: Safer Recruitment Documentation Included in this section: Application form CV Interview questionnaire Offer letter Right to Work documentation (where applicable) Proof of ID Two proofs of address & verification Employment contract Two staff references DBS certificate Job Description Secondary Employment Declaration Staff Consent to Working Hours | D15: Evidence across all five staff files reviewed shows that safer recruitment documentation is largely in place and compliant. Application forms, CVs, interview records, offer letters, Right to Work (where relevant), DBS certificates, ID checks, address verification, and employment contracts were all present. Reference Requirements: Two staff members (Michael A. and Emmanuel O.) each had only one reference in file. This is due to their long tenure and historical processes prior to the updated HR requirement. Both files now include an explanation in the HR documentation, and the updated HR process mandates two references for all new starters going forward.
A16: WELL-LED | B16: Recruitment & Staff Files | C16: Induction Records & Employment Documentation Included in this section: Induction Checklist Staff Handbook Probation Form / Confirmation Letter Bank Details (admin/HR requirement, not regulatory) | D16: All staff files contained a completed Induction Checklist and signed Staff Handbook. Probation forms and confirmation letters were present for all relevant staff, demonstrating completion of the induction period and employer sign‑off.
A17: WELL-LED | B17: Recruitment & Staff Files | C17: Ongoing Performance Monitoring Included in this section: Supervisions Appraisals Spot Checks | D17: Supervision records were present for all staff. Appraisal documentation was present for all except: Michael Adegborioye: Appraisal not found. Spot checks had been completed on: Emmanuel Kwarteng – 03/02/26 Emmanuel Odejide – 12/01/26 Izuchukuwu Paul Okeke – 13/03/26 These spot checks confirm ongoing oversight and good management visibility across the workforce.
A18: WELL-LED | B18: Recruitment & Staff Files | C18: Any other documents | D18: Not applicable
A19: CARING | B19: People & Wellbeing | C19: Support plans reviewed regularly Person centred?
A20: CARING | B20: People & Wellbeing | C20: Mental Capacity Assessments (decision-specific) | D20: Not all MCA2s were completed on Cura. Examples of completed MCA templates were provided to the manager to support accurate completion going forward. | E20: Yes | F20: Green | G20: Manager to complete all outstanding MCA2s on Cura and ensure all future MCA2s are accurately recorded using the correct template. Action has now been completed. | H20: Michael | I20: 46105
A21: CARING | B21: People & Wellbeing | C21: Court of Protection involvement / matrix LPA / Advocacy arrangements/OPG100 Form (Office of Public Guiding Application online) | D21: There are none in place. | E21: Yes | F21: Green
A22: CARING | B22: People & Wellbeing | C22: Risk assessments (e.g., additional r/a identified in support plans, diabetic, epilepsy, mental health, falls, self-harm, medication)
A23: CARING | B23: People & Wellbeing | C23: Daily notes – accurate, dated, signed, title of task/activity, duration of time recorded for each activity.
A24: CARING | B24: People & Wellbeing | C24: Monthly Progress Report (Sharing i.e. social workers, Care coordinator) Handovers (Recording/Communication
A25: CARING | B25: People & Wellbeing | C25: Service user involvement in planning and decision-making
A26: CARING | B26: People & Wellbeing | C26: Keyworker meetings | D26: Key worker sessions need to be more detailed and written in a more person‑centred way. The individual’s voice should be clearly reflected throughout. We must evidence that residents are actively involved in their sessions and are asked about their preferred activities and choices. | E26: Yes | F26: Amber
A27: CARING | B27: People & Wellbeing | C27: PEEPs with photographs in place | D27: PEEPS have been viewed in the service user files and the grab bag. | E27: Yes | F27: Green
A28: CARING | B28: People & Wellbeing | C28: End-of-life planning where relevant
A29: CARING | B29: People & Wellbeing | C29: Safe management of money and belongings
A30: CARING | B30: People & Wellbeing | C30: Secure storage of service user files | D30: Service users files are kept in a secure filing cabinet in the office. | E30: Yes | F30: Green
A31: SAFE | B31: Medication Support | C31: Medication storage | D31: Observed on the day of visit: Medication stored securely in a locked office cabinet. Individual boxes clearly labelled with service users’ names. Thermometer in place, reading maintained at 23°C. Daily temperature check recorded on checklist and up to date. | E31: Yes | F31: Green
A32: SAFE | B32: Medication Support | C32: MAR sheets / PRN protocols completed accurately | D32: MARs and PRN protocols were checked by the medication lead on a separate audit form. They were found to be accurate. statement from audit: "I worked there throughout the day, and Olivia was also present. I reviewed all service users’ medication care plans, PRN protocols, MAR charts, and care passports. I identified some inconsistencies and informed Michael and Olivia, which have now been corrected. More importantly, the service users’ files were re-arranged according to the updated format prepared by Helen. In addition, a separate medication master file containing all service users’ medication documents has been created." | E32: Yes | F32: Green
A33: SAFE | B33: Medication Support | C33: Stock checks / visual count match Controlled drugs (if applicable) | D33: The Medication Lead completes unannounced medication counts, providing an additional layer of oversight and compliance. The most recent unannounced count was completed on 09/03/2026, during which a small number of issues were identified. An action plan has been sent to Rivulet to address and rectify the issues found, and this is currently in progress. Daily medication stock counts are being completed consistently. These daily counts should be recorded in the Cura system, which is the organisation’s current digital method for medication tracking. However, during the visit, the provision was found to be using the older paper-based form, which was viewed on the day. The service was advised to transition to the Cura system for daily medication counts going forward to align with updated organisational processes. Compliance has not been compromised, as stock counts are being completed correctly regardless of whether they are recorded on paper or in Cura. | E33: Yes | F33: Green | G33: The service was advised to transition to the Cura system for daily medication counts going forward to align with updated organisational processes. | H33: Michael | I33: 46106
A34: SAFE | B34: Medication Support | C34: Covert medication / best interest decisions | D34: No covert medication in place. | E34: Yes | F34: Green
A35: SAFE | B35: Medication Support | C35: Medication error records and notifications | D35: Medication errors are managed in line with procedure. Incident reports are completed on Cura following any error. Further actions are taken depending on the nature and severity of the error (e.g., escalation, review, retraining). | E35: Yes | F35: Green
A36: SAFE | B36: Medication Support | C36: Medication competence assessments | D36: All staff medication competencies have been completed and verified. Competencies were viewed in staff files during the audit and found to be up to date. Competency status is tracked and monitored through the Supervision Matrix, which is overseen by HR and line managers to ensure ongoing compliance. No outstanding actions identified in this area. | E36: Yes | F36: Green
A37: SAFE | B37: Medication Support | C37: Fridge temperature checks and use | D37: Evidence was seen of a fridge temperature checklist displayed on the fridge and being completed daily. No medication is currently stored in the fridge, as this is not required for the medicines in use at present. | E37: Yes | F37: Green
A38: SAFE | B38: Medication Support | C38: Support for self-administration (assessed and documented)
A39: EFFECTIVE | B39: Nutrition & Health | C39: Food passport / pictorial menus. Including likes/dislikes. | D39: Each service user’s food preferences, including likes and dislikes, are recorded on their profile page within the Cura system. For RG, the following information is documented: • Likes: Pastries, toast with spread (butter),fries, Pasta, Pizza, red meat, rice with stewed grilled chicken, coffee, jerk chicken and Caribbean food.. • Dislikes:No dislikes in regards to food documented. RG’s weekly food planner on Cura is not completed as RG is independent with cooking and planning his meals, therefore is not a requirement. Within RG’s Nutrition Care Plan, it states: “I am able to shop for food and prepare meals for myself. However, there may be times when I need occasional reminders to plan meals or prepare food regularly, particularly when my mood is low or when I am experiencing difficulties with my mental health.” This remains appropriate and continues to reflect his current level of need. The plan is reviewed as required and updated if there are any changes in his health, dietary needs, or level of independence. RG’s nutritional goals and expected outcomes are clearly defined within his care plan:I want to continue preparing and eating my meals independently while having the freedom to choose the foods I enjoy. I want to maintain a healthy and balanced diet while keeping my cultural food preferences. I would like staff to support me with gentle reminders if needed, particularly if I forget to eat or prepare meals during periods of low mood. I want to stay healthy and maintain my energy levels to support my daily activities without feeling pressured or restricted in my food choices. The nutritional plan was reviewed 14/03/26 | E39: Yes | F39: Green
A40: EFFECTIVE | B40: Nutrition & Health | C40: Special dietary requirements (e.g., cultural, allergies, texture) | D40: RG states in his nutritional care plan: I enjoy cooking Caribbean food, particularly meals that include rice and curries. I sometimes visit my mother to collect meals, and I value this connection with my family as well as the independence it gives me. He has no allergies known which is clearly stated on his Cura profile highlighted red | E40: Yes | F40: Green
A41: EFFECTIVE | B41: Nutrition & Health | C41: Hydration and nutritional monitoring if required | D41: In RG's Nutritional care plan it states: Staff will provide reminders if they notice that I have not eaten or if I appear to be skipping meals, particularly during periods of low mood, relapse, or withdrawal. Staff will monitor my nutritional intake and note any significant changes in appetite, weight, or eating patterns, reporting concerns where appropriate. Staff will support me in maintaining a balanced diet while respecting my cultural preferences for Caribbean food and my personal choices. Staff will encourage me to remain hydrated and ensure that drinks are easily accessible throughout the day.
A42: EFFECTIVE | B42: Nutrition & Health | C42: Malnutrition screening (e.g., MUST tool)
A43: EFFECTIVE | B43: Nutrition & Health | C43: Involvement of GP, SALT, dietitian, optician, dentist, etc.
A44: EFFECTIVE | B44: Nutrition & Health | C44: Support for access to healthcare appointments
A45: RESPONSIVE | B45: Engagement & Activities | C45: Weekly activity schedules
A46: RESPONSIVE | B46: Engagement & Activities | C46: Evidence of social, physical, and meaningful activities. Outings, peer groups, and community participation
A47: RESPONSIVE | B47: Engagement & Activities | C47: Service user involvement in planning activities
A48: RESPONSIVE | B48: Engagement & Activities | C48: Support for inclusion (cultural, LGBTQ+, religious needs)
A49: SAFE | B49: Safeguarding & Health & Safety | C49: Safeguarding logs/matrix including actions and learning/ investigation process/policy
A50: SAFE | B50: Safeguarding & Health & Safety | C50: Incident / accident / near miss logs/matrix Learning from incidents evidenced
A51: SAFE | B51: Safeguarding & Health & Safety | C51: Visitors signing in and out. CQC registration displayed. ICO certificate in place | D51: A visitors’ sign‑in and sign‑out book is in place. I was asked to sign in on arrival and sign out upon leaving, demonstrating that the process is actively followed. The CQC registration certificate is not displayed, which is appropriate as this is not a regulated unit. The ICO (Information Commissioner’s Office) registration certificate is clearly displayed and currently in date. | E51: Yes | F51: Green
A52: SAFE | B52: Safeguarding & Health & Safety | C52: Health & Safety - General Premises Environmental Safety (Lighting, Heating, Trip Hazards) Health and safety poster. | D52: General Environmental Safety Overall environment clean and accessible across key areas including the office, corridors, stairs, and front of house. Trip hazards minimal; corridors and stairways observed to be clear of obstruction. Repairs and Environmental Actions Corridor walls: Initially noted as marked and requiring repainting. ✔ Corridor walls have now been repainted. Stair carpet: Identified as worn and likely to require replacement in the future. ✔ Replacement planned for a later date. Kitchen ceiling (water ingress): Ceiling staining due to previous leak, requiring investigation and repair. ✔ Ceiling repainting scheduled and being completed on the day of QA visit (18.03.26). Emergency Lighting Emergency lighting initially not present in the office, rear garden, or side‑gate pathway — non‑compliant. ✔ Emergency lighting has now been installed and is in place. Health & Safety Law Poster Poster was displayed but incomplete, lacking the name, surname, and contact details of the responsible person — non‑compliant. ✔ Poster has now been fully completed with the required information. | E52: Yes | F52: Green | G52: All actions completed - viewed on 24/03/26 | H52: Michael | I52: 46104
A53: SAFE | B53: Safeguarding & Health & Safety | C53: Infection Control Measures (Check for hazards, cleaning schedules, Infection control signs, hand washing signs, kitchen colour code board sign, chopping boards Extractor fans/oven and hob, microwaves, air fryers) | D53: Infection Prevention & Control (IPC) The Infection Prevention & Control (IPC) policy is in place, up to date, and aligned with the 2015 Code of Practice. Staff are able to access the IPC policy and could demonstrate awareness of procedures. Cleaning rotas were completed and signed. The most up‑to‑date cleaning rota template was printed and replaced on the day of the visit (16.03.26). Actions Identified on 16.03.26 and Completed by 18.03.26 Hand‑washing signage: Posters were present but old, worn, or faded. ✔ All posters have now been replaced with new versions. Kitchen area: Kitchen surfaces and equipment were generally clean, but ceiling staining from a leak made the area unsatisfactory. ✔ Kitchen, including oven and extractor fan, has been fully cleaned. ✔ Ceiling repainting scheduled and completed on the day of the QA visit (18.03.26). Garden area: Clutter and rubbish noted, including a shopping trolley. Side‑gate area (emergency exit route) required clearing. ✔ Garden and pathways fully cleared on day of visit. Cleaning storage cupboard: Area was disorganised and not compliant with COSHH standards. ✔ Cupboard reorganised and stock separated appropriately. ✔ COSHH signage added to the outside of the cupboard. | E53: Yes | F53: Green | G53: All actions completed - viewed on 24/03/26 | H53: Michael | I53: 46104
A54: SAFE | B54: Safeguarding & Health & Safety | C54: PPE Availability and Use | D54: PPE fully available (gloves, aprons) and used correctly. Staff know when to use gloves, aprons, and when alcohol gel is not appropriate. PPE disposal compliant and correctly managed. | E54: Yes | F54: Green | G54: All actions completed - viewed on 24/03/26 | H54: Michael | I54: 46104
A55: SAFE | B55: Safeguarding & Health & Safety | C55: COSHH (Control of Substances Hazardous to Health) Compliance. Sign. | D55: Findings (16.03.26) COSHH data sheets were found to be complete, up to date, and accessible. COSHH cupboard was: Locked but missing required COSHH hazard signage. Disorganised, with daily‑use items mixed with unopened stock, which is non‑compliant with COSHH storage principles. Lacking clear separation of chemicals and appropriate ordering of products. Actions Completed (by 18.03.26) ✔ COSHH cupboard reorganised and stock separated appropriately. ✔ Daily‑use products and long‑term/unopened stock now stored separately. ✔ COSHH hazard sign installed on the cupboard door. ✔ Area now compliant with COSHH good‑practice expectations. | E55: Yes | F55: Green | G55: All actions completed - viewed on 24/03/26 | H55: Michael | I55: 46104
A56: SAFE | B56: Safeguarding & Health & Safety | C56: Equipment safety (where applicable i.e. hoist etc.) | D56: Not Applicable | E56: Yes | F56: Green
A57: SAFE | B57: Safeguarding & Health & Safety | C57: Fire drills / evacuation plans / alarm systems/ smoke detectors/ fire signs/ assembly point posters/ fire extinguishers/ carbon monoxide detectors/ fire doors/thumb locks. Gas / electrical / PAT certification (Is there a fire file in place and a fire logbook) general building fire risk assessment | D57: Fire drills have been completed and recorded. Emergency fire procedures were available during the H&S check on 16.03.26. Fire extinguishers inspected and in good working condition. Fire blankets present, uncovered, and compliant. Several detectors were identified as old and requiring replacement. ✔ All outdated detectors were replaced on 18.03.26. A smoke detector was missing in the office (non‑compliant). ✔ New detector installed in the office. Fire Signage & Evacuation Information Fire exit signs and “Fire Door Keep Clear” signage were missing. ✔ All required signage is now installed. Fire assembly point information was not displayed at the front entrance or office. ✔ Fire assembly point signage is now in place. Fire point was unclear/unidentified. ✔ Fire point now clearly marked. Certification & Compliance Gas Safety Certificate was out of date. ✔ Updated version now in place. Electrical Installation Certificate was out of date. ✔ Updated certificate completed but awaiting copy from Head Office. PAT Testing Certificate was out of date. ✔ Updated testing completed but certificate not yet received from Head Office. Carbon Monoxide (CO) risk assessment was missing from the H&S file. ✔ Now completed and stored in the Citation Fire Book. Fire doors and smoke strips were observed to be in good condition. All internal doors opened and closed correctly. Window restrictors were in place and functioning. Door locks operating correctly. | E57: Yes | F57: Green | G57: All actions completed - viewed on 24/03/26 | H57: Michael | I57: 46104
A58: SAFE | B58: Safeguarding & Health & Safety | C58: Grab bag (batteries in torch, hi-vis out of packaging. | D58: Grab bag checked and all information and contents in place. Torch functioning and batteries included, Hi‑vis jackets out of packaging | E58: Yes | F58: Green
A59: SAFE | B59: Safeguarding & Health & Safety | C59: Business continuity plan in place and understood | D59: BCP is in place, both in the health and safety file and the grab bag. However needs updating in the contact section. | E59: Yes | F59: Green | G59: visit on 24/03/26 - BCP now updated. | H59: Michael | I59: 46104
A60: SAFE | B60: Safeguarding & Health & Safety | C60: Pest control and waste management | D60: Pest Control Report in date. Waste disposed of appropriately and PPE available for cleaning staff. Garden area contained some rubbish, requires clearing. | E60: Yes | F60: Green | G60: visit on 24/03/26 - Garden area now cleared. | H60: Michael | I60: 46104
A61: SAFE | B61: Safeguarding & Health & Safety | C61: First Aid (box, posters, surplus stock for replenishment, first aid checklist and weekly audit) | D61: First Aid Poster missing, must be displayed. First aid resources not described, checklist and confirmation needed. | E61: Yes | F61: Green | G61: visit on 24/03/26 - First Aid poster now displayed in the communal area. | H61: Michael | I61: 46105
A62: SAFE | B62: Safeguarding & Health & Safety | C62: Risk Assessments (Premises General and Individual i.e. H&S, lone working, service user smokers, emollients etc.) | D62: Staff aware of injury/splash‑incident process and contacts. CO risk assessment missing. Now completed and filed in the H&S file Fire Risk Assessment in place. - actions have been marked as completed or pending. | E62: Yes | F62: Green | G62: All actions completed - viewed on 24/03/26 | H62: Michael | I62: 46104
A63: SAFE | B63: Safeguarding & Health & Safety | C63: CCTV in operation sign/risk assessment and included in the tenancy agreement. | D63: CCTV signs not present internally or at main entrance, non‑compliant. CCTV signs now observed in the hallway at the entrance of the building and in the communal area. ICO certificate displayed and valid. CCTV signage required for safety, privacy, and legal compliance. | E63: Yes | F63: Green | G63: All actions completed - viewed on 24/03/26 | H63: Michael | I63: 46104
A64: WELL-LED | B64: Governance & Feedback | C64: Quality audits Medication Audits (Monthly, 28-Day Cycle) Communication Audits (Monthly) One service user is selected each month for a communication audit, which includes a review of daily notes and staff handovers. For individuals who lack capacity, communication audits must be completed every month, regardless of rotation, to ensure oversight of documentation and communication integrity. Staff Spot Checks (Monthly) Monthly staff spot checks are completed by the Manager. Team size determines frequency: Smaller teams: 1 staff member per month Larger teams: 2 staff members per month Health & Safety, Infection Control, and Fire Safety Cleaning Audits (Quarterly) Service User Folder Audits (Quarterly) First Aid Kit Audits (Weekly) | D64: All required audits are completed by the provision and actions followed through. | E64: Yes | F64: Green
A65: WELL-LED | B65: Governance & Feedback | C65: Surveys/service improvements. Service users/families, friends and advocates/professional/staff | D65: Annual surveys are completed across the service, and distribution is managed by the HR team. The organisation has now transitioned to an electronic survey system, allowing feedback to be submitted easily via an online link. Surveys are distributed to staff, service users, professionals, families, advocates, and friends to ensure a comprehensive and inclusive collection of views. For service users who lack capacity, an Easy Read version of the survey is available to support engagement and ensure their voices are captured in an accessible and meaningful way. All survey responses are evaluated, and the outcomes are shared with management, staff, service users, and families, ensuring transparency and closing the feedback loop to drive continuous improvement. | E65: Yes | F65: Green
A66: WELL-LED | B66: Governance & Feedback | C66: Feedback from service users and families
A67: WELL-LED | B67: Governance & Feedback | C67: Complaints / compliments logs/matrix and outcomes/ are staff aware of the complaint’s procedure. Is there information on what to do and how to contact the provider, LA / LGO
A68: WELL-LED | B68: Governance & Feedback | C68: Resident meetings. (are they person centred) Are they regular
A69: WELL-LED | B69: Governance & Feedback | C69: Policy and procedure reviews (last updated dates)
A70: WELL-LED | B70: Governance & Feedback | C70: Statement of Purpose and welcome information visible and includes complaints procedure.
A71: WELL-LED | B71: Governance & Feedback | C71: Manager & Staff comments
A72: WELL-LED | B72: Governance & Feedback | C72: Service user feedback face to face.

Sheet Dashboard
A1: Quality Assurance Dashboard
A3: Total Audit Items | B3: =COUNTA('Audit Tool'!C:C)-1 -> 71
A4: Compliant (Yes) | B4: =COUNTIF('Audit Tool'!E:E,"Yes") -> 38
A5: Non-Compliant (No) | B5: =COUNTIF('Audit Tool'!E:E,"No") -> 1
A7: Green | B7: =COUNTIF('Audit Tool'!F:F,"Green") -> 37
A8: Amber | B8: =COUNTIF('Audit Tool'!F:F,"Amber") -> 2
A9: Red | B9: =COUNTIF('Audit Tool'!F:F,"Red") -> 0
A11: % Compliance (Yes / (Yes+No)) | B11: =IFERROR(B4/(B4+B5),0) -> 0.97435897
A13: Compliance by CQC KLOE
A14: KLOE | B14: Yes | C14: No | D14: % Compliance
A15: SAFE | B15: =COUNTIFS('Audit Tool'!A:A,"SAFE",'Audit Tool'!E:E,"Yes") -> 20 | C15: =COUNTIFS('Audit Tool'!A:A,"SAFE",'Audit Tool'!E:E,"No") -> 0 | D15: =IFERROR(B15/(B15+C15),0) -> 1
A16: EFFECTIVE | B16: =COUNTIFS('Audit Tool'!A:A,"EFFECTIVE",'Audit Tool'!E:E,"Yes") -> 2 | C16: =COUNTIFS('Audit Tool'!A:A,"EFFECTIVE",'Audit Tool'!E:E,"No") -> 0 | D16: =IFERROR(B16/(B16+C16),0) -> 1
A17: CARING | B17: =COUNTIFS('Audit Tool'!A:A,"CARING",'Audit Tool'!E:E,"Yes") -> 5 | C17: =COUNTIFS('Audit Tool'!A:A,"CARING",'Audit Tool'!E:E,"No") -> 0 | D17: =IFERROR(B17/(B17+C17),0) -> 1
A18: RESPONSIVE | B18: =COUNTIFS('Audit Tool'!A:A,"RESPONSIVE",'Audit Tool'!E:E,"Yes") -> 0 | C18: =COUNTIFS('Audit Tool'!A:A,"RESPONSIVE",'Audit Tool'!E:E,"No") -> 0 | D18: =IFERROR(B18/(B18+C18),0) -> 0
A19: WELL-LED | B19: =COUNTIFS('Audit Tool'!A:A,"WELL-LED",'Audit Tool'!E:E,"Yes") -> 11 | C19: =COUNTIFS('Audit Tool'!A:A,"WELL-LED",'Audit Tool'!E:E,"No") -> 1 | D19: =IFERROR(B19/(B19+C19),0) -> 0.91666667
